{
    "LinearRegression": {
        "RMSE": 4728787.326685282,
        "R2": 0.18575050543153482,
        "MAPE": 2449.268765888316
    },
    "RandomForest": {
        "RMSE": 4716477.686515505,
        "R2": 0.1899841796754923,
        "MAPE": 554.6231897242959
    },
    "GradientBoosting": {
        "RMSE": 4359752.291043042,
        "R2": 0.3078797404732685,
        "MAPE": 2706.045712937348
    }
}